model_name,model_savedir
SARV-Model-001,./gatoh/experiments/StochasticAnalysis/ResultsVariance/models/SARV-Model-001
SARV-Model-002,./gatoh/experiments/StochasticAnalysis/ResultsVariance/models/SARV-Model-002
SARV-Model-003,./gatoh/experiments/StochasticAnalysis/ResultsVariance/models/SARV-Model-003
SARV-Model-004,./gatoh/experiments/StochasticAnalysis/ResultsVariance/models/SARV-Model-004
SARV-Model-005,./gatoh/experiments/StochasticAnalysis/ResultsVariance/models/SARV-Model-005
SARV-Model-006,./gatoh/experiments/StochasticAnalysis/ResultsVariance/models/SARV-Model-006
SARV-Model-007,./gatoh/experiments/StochasticAnalysis/ResultsVariance/models/SARV-Model-007
SARV-Model-008,./gatoh/experiments/StochasticAnalysis/ResultsVariance/models/SARV-Model-008
SARV-Model-009,./gatoh/experiments/StochasticAnalysis/ResultsVariance/models/SARV-Model-009
SARV-Model-010,./gatoh/experiments/StochasticAnalysis/ResultsVariance/models/SARV-Model-010
SARV-Model-011,./gatoh/experiments/StochasticAnalysis/ResultsVariance/models/SARV-Model-011
SARV-Model-012,./gatoh/experiments/StochasticAnalysis/ResultsVariance/models/SARV-Model-012
SARV-Model-013,./gatoh/experiments/StochasticAnalysis/ResultsVariance/models/SARV-Model-013
SARV-Model-014,./gatoh/experiments/StochasticAnalysis/ResultsVariance/models/SARV-Model-014
SARV-Model-015,./gatoh/experiments/StochasticAnalysis/ResultsVariance/models/SARV-Model-015
SARV-Model-016,./gatoh/experiments/StochasticAnalysis/ResultsVariance/models/SARV-Model-016
SARV-Model-017,./gatoh/experiments/StochasticAnalysis/ResultsVariance/models/SARV-Model-017
SARV-Model-018,./gatoh/experiments/StochasticAnalysis/ResultsVariance/models/SARV-Model-018
SARV-Model-019,./gatoh/experiments/StochasticAnalysis/ResultsVariance/models/SARV-Model-019
SARV-Model-020,./gatoh/experiments/StochasticAnalysis/ResultsVariance/models/SARV-Model-020
SARV-Model-021,./gatoh/experiments/StochasticAnalysis/ResultsVariance/models/SARV-Model-021
SARV-Model-022,./gatoh/experiments/StochasticAnalysis/ResultsVariance/models/SARV-Model-022
SARV-Model-023,./gatoh/experiments/StochasticAnalysis/ResultsVariance/models/SARV-Model-023
SARV-Model-024,./gatoh/experiments/StochasticAnalysis/ResultsVariance/models/SARV-Model-024
SARV-Model-025,./gatoh/experiments/StochasticAnalysis/ResultsVariance/models/SARV-Model-025
SARV-Model-026,./gatoh/experiments/StochasticAnalysis/ResultsVariance/models/SARV-Model-026
SARV-Model-027,./gatoh/experiments/StochasticAnalysis/ResultsVariance/models/SARV-Model-027
SARV-Model-028,./gatoh/experiments/StochasticAnalysis/ResultsVariance/models/SARV-Model-028
SARV-Model-029,./gatoh/experiments/StochasticAnalysis/ResultsVariance/models/SARV-Model-029
SARV-Model-030,./gatoh/experiments/StochasticAnalysis/ResultsVariance/models/SARV-Model-030
SARV-Model-031,./gatoh/experiments/StochasticAnalysis/ResultsVariance/models/SARV-Model-031
SARV-Model-032,./gatoh/experiments/StochasticAnalysis/ResultsVariance/models/SARV-Model-032
SARV-Model-033,./gatoh/experiments/StochasticAnalysis/ResultsVariance/models/SARV-Model-033
SARV-Model-034,./gatoh/experiments/StochasticAnalysis/ResultsVariance/models/SARV-Model-034
SARV-Model-035,./gatoh/experiments/StochasticAnalysis/ResultsVariance/models/SARV-Model-035
SARV-Model-036,./gatoh/experiments/StochasticAnalysis/ResultsVariance/models/SARV-Model-036
SARV-Model-037,./gatoh/experiments/StochasticAnalysis/ResultsVariance/models/SARV-Model-037
SARV-Model-038,./gatoh/experiments/StochasticAnalysis/ResultsVariance/models/SARV-Model-038
SARV-Model-039,./gatoh/experiments/StochasticAnalysis/ResultsVariance/models/SARV-Model-039
SARV-Model-040,./gatoh/experiments/StochasticAnalysis/ResultsVariance/models/SARV-Model-040
SARV-Model-041,./gatoh/experiments/StochasticAnalysis/ResultsVariance/models/SARV-Model-041
SARV-Model-042,./gatoh/experiments/StochasticAnalysis/ResultsVariance/models/SARV-Model-042
SARV-Model-043,./gatoh/experiments/StochasticAnalysis/ResultsVariance/models/SARV-Model-043
SARV-Model-044,./gatoh/experiments/StochasticAnalysis/ResultsVariance/models/SARV-Model-044
SARV-Model-045,./gatoh/experiments/StochasticAnalysis/ResultsVariance/models/SARV-Model-045
SARV-Model-046,./gatoh/experiments/StochasticAnalysis/ResultsVariance/models/SARV-Model-046
SARV-Model-047,./gatoh/experiments/StochasticAnalysis/ResultsVariance/models/SARV-Model-047
SARV-Model-048,./gatoh/experiments/StochasticAnalysis/ResultsVariance/models/SARV-Model-048
SARV-Model-049,./gatoh/experiments/StochasticAnalysis/ResultsVariance/models/SARV-Model-049
SARV-Model-050,./gatoh/experiments/StochasticAnalysis/ResultsVariance/models/SARV-Model-050
SARV-Model-051,./gatoh/experiments/StochasticAnalysis/ResultsVariance/models/SARV-Model-051
SARV-Model-052,./gatoh/experiments/StochasticAnalysis/ResultsVariance/models/SARV-Model-052
SARV-Model-053,./gatoh/experiments/StochasticAnalysis/ResultsVariance/models/SARV-Model-053
SARV-Model-054,./gatoh/experiments/StochasticAnalysis/ResultsVariance/models/SARV-Model-054
SARV-Model-055,./gatoh/experiments/StochasticAnalysis/ResultsVariance/models/SARV-Model-055
SARV-Model-056,./gatoh/experiments/StochasticAnalysis/ResultsVariance/models/SARV-Model-056
SARV-Model-057,./gatoh/experiments/StochasticAnalysis/ResultsVariance/models/SARV-Model-057
SARV-Model-058,./gatoh/experiments/StochasticAnalysis/ResultsVariance/models/SARV-Model-058
SARV-Model-059,./gatoh/experiments/StochasticAnalysis/ResultsVariance/models/SARV-Model-059
SARV-Model-060,./gatoh/experiments/StochasticAnalysis/ResultsVariance/models/SARV-Model-060
SARV-Model-061,./gatoh/experiments/StochasticAnalysis/ResultsVariance/models/SARV-Model-061
SARV-Model-062,./gatoh/experiments/StochasticAnalysis/ResultsVariance/models/SARV-Model-062
SARV-Model-063,./gatoh/experiments/StochasticAnalysis/ResultsVariance/models/SARV-Model-063
SARV-Model-064,./gatoh/experiments/StochasticAnalysis/ResultsVariance/models/SARV-Model-064
SARV-Model-065,./gatoh/experiments/StochasticAnalysis/ResultsVariance/models/SARV-Model-065
SARV-Model-066,./gatoh/experiments/StochasticAnalysis/ResultsVariance/models/SARV-Model-066
SARV-Model-067,./gatoh/experiments/StochasticAnalysis/ResultsVariance/models/SARV-Model-067
SARV-Model-068,./gatoh/experiments/StochasticAnalysis/ResultsVariance/models/SARV-Model-068
SARV-Model-069,./gatoh/experiments/StochasticAnalysis/ResultsVariance/models/SARV-Model-069
SARV-Model-070,./gatoh/experiments/StochasticAnalysis/ResultsVariance/models/SARV-Model-070
SARV-Model-071,./gatoh/experiments/StochasticAnalysis/ResultsVariance/models/SARV-Model-071
SARV-Model-072,./gatoh/experiments/StochasticAnalysis/ResultsVariance/models/SARV-Model-072
SARV-Model-073,./gatoh/experiments/StochasticAnalysis/ResultsVariance/models/SARV-Model-073
SARV-Model-074,./gatoh/experiments/StochasticAnalysis/ResultsVariance/models/SARV-Model-074
SARV-Model-075,./gatoh/experiments/StochasticAnalysis/ResultsVariance/models/SARV-Model-075
SARV-Model-076,./gatoh/experiments/StochasticAnalysis/ResultsVariance/models/SARV-Model-076
SARV-Model-077,./gatoh/experiments/StochasticAnalysis/ResultsVariance/models/SARV-Model-077
SARV-Model-078,./gatoh/experiments/StochasticAnalysis/ResultsVariance/models/SARV-Model-078
SARV-Model-079,./gatoh/experiments/StochasticAnalysis/ResultsVariance/models/SARV-Model-079
SARV-Model-080,./gatoh/experiments/StochasticAnalysis/ResultsVariance/models/SARV-Model-080
SARV-Model-081,./gatoh/experiments/StochasticAnalysis/ResultsVariance/models/SARV-Model-081
SARV-Model-082,./gatoh/experiments/StochasticAnalysis/ResultsVariance/models/SARV-Model-082
SARV-Model-083,./gatoh/experiments/StochasticAnalysis/ResultsVariance/models/SARV-Model-083
SARV-Model-084,./gatoh/experiments/StochasticAnalysis/ResultsVariance/models/SARV-Model-084
SARV-Model-085,./gatoh/experiments/StochasticAnalysis/ResultsVariance/models/SARV-Model-085
SARV-Model-086,./gatoh/experiments/StochasticAnalysis/ResultsVariance/models/SARV-Model-086
SARV-Model-087,./gatoh/experiments/StochasticAnalysis/ResultsVariance/models/SARV-Model-087
SARV-Model-088,./gatoh/experiments/StochasticAnalysis/ResultsVariance/models/SARV-Model-088
SARV-Model-089,./gatoh/experiments/StochasticAnalysis/ResultsVariance/models/SARV-Model-089
SARV-Model-090,./gatoh/experiments/StochasticAnalysis/ResultsVariance/models/SARV-Model-090
SARV-Model-091,./gatoh/experiments/StochasticAnalysis/ResultsVariance/models/SARV-Model-091
SARV-Model-092,./gatoh/experiments/StochasticAnalysis/ResultsVariance/models/SARV-Model-092
SARV-Model-093,./gatoh/experiments/StochasticAnalysis/ResultsVariance/models/SARV-Model-093
SARV-Model-094,./gatoh/experiments/StochasticAnalysis/ResultsVariance/models/SARV-Model-094
SARV-Model-095,./gatoh/experiments/StochasticAnalysis/ResultsVariance/models/SARV-Model-095
SARV-Model-096,./gatoh/experiments/StochasticAnalysis/ResultsVariance/models/SARV-Model-096
SARV-Model-097,./gatoh/experiments/StochasticAnalysis/ResultsVariance/models/SARV-Model-097
SARV-Model-098,./gatoh/experiments/StochasticAnalysis/ResultsVariance/models/SARV-Model-098
SARV-Model-099,./gatoh/experiments/StochasticAnalysis/ResultsVariance/models/SARV-Model-099
SARV-Model-100,./gatoh/experiments/StochasticAnalysis/ResultsVariance/models/SARV-Model-100
